user,john,1112,John,images/2022-10-19_1666144707734.png,2022/10/20 23:36:09
user,tissue,1150,Tissue,images/2022-10-19_1666144727384.jpeg,2022/10/19 08:58:38
user,cm,6756,crystalMaiden,images/2022-10-19_1666144744597.jpeg,2022/10/19 08:58:57
user,sniper,322,Sniper,images/2022-10-19_1666144791166.jpeg,2022/10/19 08:59:37
user,kotl,1234,keeperOfTheLight,images/2022-10-20_1666281507436.png,2022/10/20 22:58:59
user,darius,545467,Darius,images/2022-10-19_1666144835557.JPG,2022/10/20 09:08:03
user,yasuo,789456,Yasuo,images/2022-10-19_1666144864941.JPG,2022/10/19 09:00:51
user,jug,327689,Juggernaut,images/2022-10-19_1666144889924.jpeg,2022/10/20 12:41:59
user,joel,987645,Joel,images/2022-10-19_1666144916468.jpeg,2022/10/19 09:01:48
user,abby,23876,Abby,images/2022-10-19_1666144942374.jpeg,2022/10/19 09:02:14
user,chen,56100,Chen,images/2022-10-19_1666146334370.jpeg,2022/10/19 09:25:26
admin,nawapon,6410450893,Ton,images/profile.png,2022/10/19 09:05:56,Admin
admin,atthakorn,6410451539,Rom,images/profile.png,-,Admin
admin,sittichai,6410451466,Folk,images/profile.png,2022/10/19 19:08:54,Admin
admin,kanchanok,6410450699,Kaohom,images/profile.png,-,Admin
officer,axe,4566,Axe,images/profile.png,2022/10/20 23:03:55,Safety
officer,tiny,7878,Tiny,images/profile.png,2022/10/20 23:05:38,Safety
officer,lion,87690,Lion,images/profile.png,null,Safety
officer,sb,6575,Shadowblade,images/profile.png,null,Safety
officer,fv,6578,Facelessvoid,images/profile.png,null,Service
officer,vs,871212,Voidspirit,images/profile.png,null,Service
officer,viepr,32324,Viper,images/profile.png,null,Service
officer,clarity,505050,Clarity,images/profile.png,null,Service
officer,ember,56765,Emberspirit,images/profile.png,null,Health
officer,earth,67876,Earthspirit,images/profile.png,null,Health
officer,storm,0191,Stormspirit,images/profile.png,null,Health
officer,hs,85665,Healingsalve,images/profile.png,null,Health
officer,bkb,20893,Blackkingbar,images/profile.png,2022/10/20 23:06:16,Transport
officer,mkb,43509,Monkeykingbar,images/profile.png,null,Transport
officer,tango,9585,Tango,images/profile.png,null,Transport
officer,courier,100200,Courier,images/profile.png,null,Transport
officer,lich,10786,Lich,images/profile.png,null,Legal
officer,venom,84309,Venom,images/profile.png,null,Legal
officer,jett,23078,Jett,images/profile.png,null,Legal
officer,sage,500768,Sage,images/profile.png,null,Legal
